"question_id";"generation_time";"topic"
"1745679159_1";"2025-04-26 14:52:39";"Asynchronous Programming with asyncio"
"1745685974_2";"2025-04-26 16:46:14";"Python Metaclasses and Class Creation"
"1745712127_1";"2025-04-27 00:02:07";"Threading and Concurrent Execution"
"1745740938_2";"2025-04-27 08:02:18";"Asynchronous Programming Concepts"
"1745769714_3";"2025-04-27 16:01:54";"Asynchronous Programming with asyncio"
"1745798501_1";"2025-04-28 00:01:41";"Python Metaclasses and Class Creation"
"1745827307_2";"2025-04-28 08:01:47";"Python Metaclasses and Class Creation"
"1745856116_3";"2025-04-28 16:01:56";"Threading and Concurrent Execution"
"1745884916_1";"2025-04-29 00:01:56";"Task Management and Scheduling"
"1745913715_2";"2025-04-29 08:01:55";"Asynchronous Programming with asyncio"
"1745942480_3";"2025-04-29 16:01:20";"Asynchronous Programming with asyncio"
"1745971278_1";"2025-04-30 00:01:18";"Object-Oriented Programming"
"1746000109_2";"2025-04-30 08:01:49";"Asynchronous Programming with asyncio"
"1746028942_3";"2025-04-30 16:02:22";"Object-Oriented Programming"
"1746057701_1";"2025-05-01 00:01:41";"Object-Oriented Programming"
"1746086558_2";"2025-05-01 08:02:38";"Asynchronous Programming with asyncio"
"1746115310_3";"2025-05-01 16:01:50";"Asynchronous Programming with asyncio"
"1746144094_1";"2025-05-02 00:01:34";"Singleton Pattern and Class Instantiation Control"
"1746172894_2";"2025-05-02 08:01:34";"Python Metaclasses and Class Creation"
"1746201714_3";"2025-05-02 16:01:54";"Counter Objects and Frequency Analysis"
"1746230500_1";"2025-05-03 00:01:40";"Advanced Python Programming"
"1746259301_2";"2025-05-03 08:01:41";"Function and Method Decorators"
"1746288117_3";"2025-05-03 16:01:57";"Advanced Python Programming"
"1746316912_1";"2025-05-04 00:01:52";"Asynchronous Programming with asyncio"
"1746345721_2";"2025-05-04 08:02:01";"Advanced Python Programming"
"1746374494_3";"2025-05-04 16:01:34";"Object-Oriented Programming"
"1746403367_1";"2025-05-05 00:02:47";"Advanced Python Programming"
"1746432114_2";"2025-05-05 08:01:54";"Lambda Functions and Anonymous Functions"
"1746460935_3";"2025-05-05 16:02:15";"Advanced Python Programming"
"1746489705_1";"2025-05-06 00:01:45";"Singleton Pattern and Class Instantiation Control"
"1746518500_2";"2025-05-06 08:01:40";"Function and Method Decorators"
"1746547298_3";"2025-05-06 16:01:38";"Asynchronous Programming with asyncio"
"1746576088_1";"2025-05-07 00:01:28";"Asynchronous Programming with asyncio"
"1746604895_2";"2025-05-07 08:01:35";"Function and Method Decorators"
"1746633713_3";"2025-05-07 16:01:53";"Asynchronous Programming with asyncio"
"1746662512_1";"2025-05-08 00:01:52";"Lambda Functions and Anonymous Functions"
"1746691324_2";"2025-05-08 08:02:04";"Python Metaclasses and Class Creation"
"1746720118_3";"2025-05-08 16:01:58";"Functions and Functional Programming"
"1746748880_1";"2025-05-09 00:01:20";"Asynchronous Programming with asyncio"
"1746777718_2";"2025-05-09 08:01:58";"Object-Oriented Programming"
"1746806526_3";"2025-05-09 16:02:06";"Coroutines and Cooperative Multitasking"
"1746835344_1";"2025-05-10 00:02:24";"Property Decorators and Attribute Management"
"1746864145_2";"2025-05-10 08:02:25";"Functional Programming Utilities"
"1746892880_3";"2025-05-10 16:01:20";"Singleton Pattern and Class Instantiation Control"
"1746921701_1";"2025-05-11 00:01:41";"Object-Oriented Programming"
"1746950539_2";"2025-05-11 08:02:19";"Task Management and Scheduling"
"1746979363_3";"2025-05-11 16:02:43";"Advanced Python Programming"
"1747008145_1";"2025-05-12 00:02:25";"Advanced Python Programming"
"1747036926_2";"2025-05-12 08:02:06";"Python Metaclasses and Class Creation"
"1747065679_3";"2025-05-12 16:01:19";"Object-Oriented Programming"
"1747094517_1";"2025-05-13 00:01:57";"Lambda Functions and Anonymous Functions"
"1747123277_2";"2025-05-13 08:01:17";"Asynchronous Programming with asyncio"
"1747152158_3";"2025-05-13 16:02:38";"Asynchronous Programming with asyncio"
"1747180957_1";"2025-05-14 00:02:37";"Python Metaclasses and Class Creation"
"1747209753_2";"2025-05-14 08:02:33";"Task Management and Scheduling"
"1747238533_3";"2025-05-14 16:02:13";"Threading and Concurrent Execution"
"1747267305_1";"2025-05-15 00:01:45";"Python Metaclasses and Class Creation"
"1747296114_2";"2025-05-15 08:01:54";"Locks, Semaphores, and Synchronization"
"1747324913_3";"2025-05-15 16:01:53";"Asynchronous Programming with asyncio"
"1747353676_1";"2025-05-16 00:01:16";"Object-Oriented Programming"
"1747382518_2";"2025-05-16 08:01:58";"Object-Oriented Programming"
"1747411331_3";"2025-05-16 16:02:11";"Asynchronous Programming with asyncio"
"1747440138_1";"2025-05-17 00:02:18";"Asynchronous Programming with asyncio"
"1747468919_2";"2025-05-17 08:01:59";"Singleton Pattern and Class Instantiation Control"
"1747497725_3";"2025-05-17 16:02:05";"Advanced Python Programming"
"1747526540_1";"2025-05-18 00:02:20";"Advanced Python Programming"
"1747555365_2";"2025-05-18 08:02:45";"Advanced Python Programming"
"1747584140_3";"2025-05-18 16:02:20";"Task Management and Scheduling"
"1747612924_1";"2025-05-19 00:02:04";"Functional Programming Utilities"
"1747641762_2";"2025-05-19 08:02:42";"Object-Oriented Programming"
"1747670508_3";"2025-05-19 16:01:48";"Python Metaclasses and Class Creation"
"1747699328_1";"2025-05-20 00:02:08";"Stack Traces and Error Reporting"
"1747728098_2";"2025-05-20 08:01:38";"Asynchronous Programming with asyncio"
"1747756917_3";"2025-05-20 16:01:57";"Advanced Python Programming"
"1747785712_1";"2025-05-21 00:01:52";"Python Metaclasses and Class Creation"
"1747814517_2";"2025-05-21 08:01:57";"Object-Oriented Programming"
"1747843308_3";"2025-05-21 16:01:48";"Asynchronous Programming with asyncio"
"1747872114_1";"2025-05-22 00:01:54";"Task Management and Scheduling"
"1747900931_2";"2025-05-22 08:02:11";"SSL/TLS and Secure Communication"
"1747929712_3";"2025-05-22 16:01:52";"Functional Programming Utilities"
"1747958537_1";"2025-05-23 00:02:17";"Asynchronous Programming with asyncio"
"1747987417_2";"2025-05-23 08:03:37";"Asynchronous Programming with asyncio"
"1748016099_3";"2025-05-23 16:01:39";"Asynchronous Programming with asyncio"
"1748044958_1";"2025-05-24 00:02:38";"Advanced Python Programming"
"1748073701_2";"2025-05-24 08:01:41";"Python Metaclasses and Class Creation"
"1748102539_3";"2025-05-24 16:02:19";"Locks, Semaphores, and Synchronization"
"1748131303_1";"2025-05-25 00:01:43";"Object-Oriented Programming"
"1748160130_2";"2025-05-25 08:02:10";"Asynchronous Programming with asyncio"
"1748188901_3";"2025-05-25 16:01:41";"Asynchronous Programming with asyncio"
"1748217758_1";"2025-05-26 00:02:38";"Python Metaclasses and Class Creation"
"1748246508_2";"2025-05-26 08:01:48";"Function and Method Decorators"
"1748275293_3";"2025-05-26 16:01:33";"Advanced Python Programming"
"1748304081_1";"2025-05-27 00:01:21";"Singleton Pattern and Class Instantiation Control"
"1748332891_2";"2025-05-27 08:01:31";"Python Metaclasses and Class Creation"
"1748361724_3";"2025-05-27 16:02:04";"Python Metaclasses and Class Creation"
"1748390561_1";"2025-05-28 00:02:41";"Asynchronous Programming with asyncio"
"1748419307_2";"2025-05-28 08:01:47";"Asynchronous Programming with asyncio"
"1748448123_3";"2025-05-28 16:02:03";"Asynchronous Programming with asyncio"
"1748476884_1";"2025-05-29 00:01:24";"Counter Objects and Frequency Analysis"
"1748505733_2";"2025-05-29 08:02:13";"Advanced Python Programming"
"1748534522_3";"2025-05-29 16:02:02";"Advanced Python Programming"
"1748563287_1";"2025-05-30 00:01:27";"Object-Oriented Programming"
"1748592092_2";"2025-05-30 08:01:32";"Object-Oriented Programming"
"1748620889_3";"2025-05-30 16:01:29";"Advanced Python Programming"
"1748649764_1";"2025-05-31 00:02:44";"Singleton Pattern and Class Instantiation Control"
"1748678533_2";"2025-05-31 08:02:13";"Function and Method Decorators"
"1748707308_3";"2025-05-31 16:01:48";"Advanced Python Programming"
"1748736102_1";"2025-06-01 00:01:42";"Functions and Functional Programming"
"1748764890_2";"2025-06-01 08:01:30";"Object-Oriented Programming"
"1748793714_3";"2025-06-01 16:01:54";"Advanced Python Programming"
"1748822544_1";"2025-06-02 00:02:24";"Asynchronous Programming with asyncio"
"1748851283_2";"2025-06-02 08:01:23";"Object-Oriented Programming"
"1748880081_3";"2025-06-02 16:01:21";"Asynchronous Programming with asyncio"
"1748908922_1";"2025-06-03 00:02:02";"Function and Method Decorators"
"1748937702_2";"2025-06-03 08:01:42";"Asynchronous Programming with asyncio"
"1748966547_3";"2025-06-03 16:02:27";"Asynchronous Programming with asyncio"
